"Fri Dec 14 2012 08:50:35 GMT+0100 (CET),PALACIO DE LA MADRAZA"
"Fri Dec 14 2012 08:50:35 GMT+0100 (CET),PALACIO DE LA MADRAZA"
"Fri Dec 21 2012 09:14:41 GMT+0100 (CET),ETS Ingenierías Informáticas y de Telecomunicación"
"Fri Dec 21 2012 09:14:41 GMT+0100 (CET),ETS Ingenierías Informáticas y de Telecomunicación"
"Fri Dec 21 2012 09:14:41 GMT+0100 (CET),ETS Ingenierías Informáticas y de Telecomunicación"
"Fri Dec 21 2012 09:14:41 GMT+0100 (CET),ETS Ingenierías Informáticas y de Telecomunicación"
"Fri Dec 21 2012 09:14:41 GMT+0100 (CET),ETS Ingenierías Informáticas y de Telecomunicación"
"Fri Dec 21 2012 09:14:41 GMT+0100 (CET),ETS Ingenierías Informáticas y de Telecomunicación"
"Fri Dec 21 2012 09:14:41 GMT+0100 (CET),ETS Ingenierías Informáticas y de Telecomunicación"
"Fri Dec 21 2012 09:14:41 GMT+0100 (CET),ETS Ingenierías Informáticas y de Telecomunicación"
"Fri Dec 21 2012 09:14:41 GMT+0100 (CET),ETS Ingenierías Informáticas y de Telecomunicación"
"Fri Feb 01 2013 18:02:31 GMT+0100 (CET),ETS Ingenierías Informáticas y de Telecomunicación"
"Fri Feb 07 2014 14:00:42 GMT+0100 (CET),OFICINA DE PROYECTOS INTERNACIONALES"
"Fri Feb 07 2014 14:00:42 GMT+0100 (CET),OFICINA DE PROYECTOS INTERNACIONALES"
"Fri Feb 07 2014 14:00:42 GMT+0100 (CET),OFICINA DE PROYECTOS INTERNACIONALES"
"Fri Jan 17 2014 10:02:33 GMT+0100 (CET),Facultad de Filosofía y Letras"
"Fri Jan 17 2014 11:45:21 GMT+0100 (CET),E.T.S.de Ingenería de Caminos, Puertos y canales."
"Fri Jan 17 2014 11:45:21 GMT+0100 (CET),E.T.S.de Ingenería de Caminos, Puertos y canales."
"Fri Jan 17 2014 11:45:21 GMT+0100 (CET),E.T.S.de Ingenería de Caminos, Puertos y canales."
"Fri Jan 17 2014 13:41:49 GMT+0100 (CET),E.T.S.de Ingenería de Caminos, Canales y Puertos."
"Fri Mar 21 2014 08:55:55 GMT+0100 (CET),Hospital Real"
"Fri Mar 21 2014 08:55:55 GMT+0100 (CET),Hospital Real"
"Fri Mar 21 2014 08:55:55 GMT+0100 (CET),Hospital Real"
"Fri Mar 21 2014 08:55:55 GMT+0100 (CET),Hospital Real"
"Fri Mar 21 2014 10:24:46 GMT+0100 (CET),Facultad de Ciencias"
"Fri Mar 21 2014 10:24:46 GMT+0100 (CET),Facultad de Ciencias"
"Fri Mar 21 2014 10:24:46 GMT+0100 (CET),Facultad de Ciencias"
"Fri Mar 21 2014 10:24:46 GMT+0100 (CET),Facultad de Ciencias"
"Fri Mar 21 2014 10:24:46 GMT+0100 (CET),Facultad de Ciencias"
"Fri Mar 21 2014 10:24:46 GMT+0100 (CET),Facultad de Ciencias"
"Fri Nov 08 2013 13:04:59 GMT+0100 (CET),Edificio Santa Lucía."
"Fri Nov 08 2013 13:04:59 GMT+0100 (CET),Edificio Santa Lucía."
"Fri Nov 08 2013 13:04:59 GMT+0100 (CET),Edificio Santa Lucía."
"Fri Nov 08 2013 13:04:59 GMT+0100 (CET),Edificio Santa Lucía."
"Fri Nov 22 2013 10:09:53 GMT+0100 (CET),FACULTAD DE MEDICINA"
"Fri Nov 22 2013 10:09:53 GMT+0100 (CET),FACULTAD DE MEDICINA"
"Fri Nov 22 2013 10:09:53 GMT+0100 (CET),FACULTAD DE MEDICINA"
"Fri Nov 22 2013 10:09:53 GMT+0100 (CET),FACULTAD DE MEDICINA"
"Fri Nov 22 2013 10:09:53 GMT+0100 (CET),FACULTAD DE MEDICINA"
"Fri Nov 22 2013 10:09:53 GMT+0100 (CET),FACULTAD DE MEDICINA"
"Fri Nov 22 2013 10:09:53 GMT+0100 (CET),FACULTAD DE MEDICINA"
"Fri Nov 22 2013 10:09:53 GMT+0100 (CET),FACULTAD DE MEDICINA"
"Fri Nov 30 2013 10:09:53 GMT+0100 (CET),VICERRECTORADO ORDENACIÓN ACADÉMICA"
"Fri Nov 30 2013 10:09:53 GMT+0100 (CET),VICERRECTORADO ORDENACIÓN ACADÉMICA"
"Fri Nov 30 2013 10:09:53 GMT+0100 (CET),VICERRECTORADO ORDENACIÓN ACADÉMICA"
"Fri Nov 30 2013 10:09:53 GMT+0100 (CET),VICERRECTORADO ORDENACIÓN ACADÉMICA"
"Fri Nov 30 2013 10:09:53 GMT+0100 (CET),VICERRECTORADO ORDENACIÓN ACADÉMICA"
"Fri Oct 10 2014 13:45:24 GMT+0200 (CEST),OFICINA RELACIONES INTERNACIONALES"
"Fri Oct 10 2014 13:45:24 GMT+0200 (CEST),OFICINA RELACIONES INTERNACIONALES"
"Fri Oct 10 2014 13:45:24 GMT+0200 (CEST),OFICINA RELACIONES INTERNACIONALES"
"Fri Oct 17 2014 09:49:00 GMT+0200 (CEST),Edificio Santa Lucia"
"Fri Oct 17 2014 09:49:00 GMT+0200 (CEST),Edificio Santa Lucia"
"Fri Oct 17 2014 09:49:00 GMT+0200 (CEST),Edificio Santa Lucia"
"Fri Oct 17 2014 09:49:00 GMT+0200 (CEST),Edificio Santa Lucia"
"Fri Oct 17 2014 09:49:00 GMT+0200 (CEST),Edificio Santa Lucia"
"Fri Oct 17 2014 09:49:00 GMT+0200 (CEST),Edificio Santa Lucia"
"Fri Oct 26 2012 18:00:52 GMT+0200 (CEST),ETS Ingenierías Informáticas y de Telecomunicación"
"Fri Sep 20 2013 13:58:21 GMT+0200 (CEST),BIBLIOTECA UNIVERSITARIA"
"Mon Apr 15 2013 12:25:50 GMT+0200 (CEST),Servicio de Asuntos Generales"
"Mon Apr 21 2014 10:31:23 GMT+0200 (CEST),Escuela Internacional De Posgrado"
"Mon Apr 21 2014 10:31:23 GMT+0200 (CEST),Escuela Internacional De Posgrado"
"Mon Apr 21 2014 10:31:23 GMT+0200 (CEST),Escuela Internacional De Posgrado"
"Mon Apr 21 2014 10:31:23 GMT+0200 (CEST),Escuela Internacional De Posgrado"
"Mon Apr 21 2014 10:31:23 GMT+0200 (CEST),Escuela Internacional De Posgrado"
"Mon Apr 21 2014 10:31:23 GMT+0200 (CEST),Escuela Internacional De Posgrado"
"Mon Apr 21 2014 10:31:23 GMT+0200 (CEST),Escuela Internacional De Posgrado"
"Mon Apr 21 2014 10:31:23 GMT+0200 (CEST),Escuela Internacional De Posgrado"
"Mon Dec 17 2012 11:11:08 GMT+0100 (CET),ETS Ingenierías Informáticas y de Telecomunicación"
"Mon Feb 17 2014 10:18:54 GMT+0100 (CET),RECTORADO"
"Mon Jan 28 2013 09:55:26 GMT+0100 (CET),ETS Ingenierías Informáticas y de Telecomunicación"
"Mon Jul 23 2012 09:58:48 GMT+0200 (CEST),Facultad de Ciencias Políticas y Sociología"
"Mon Jul 23 2012 09:58:48 GMT+0200 (CEST),Facultad de Ciencias Políticas y Sociología"
"Mon Jul 23 2012 09:58:48 GMT+0200 (CEST),Facultad de Ciencias Políticas y Sociología"
"Mon Jul 23 2012 13:35:35 GMT+0200 (CEST),Servicios Jurídicos"
"Mon Jul 23 2012 13:35:35 GMT+0200 (CEST),Servicios Jurídicos"
"Mon Jun 09 2014 10:30:01 GMT+0200 (CEST),Edificio Santa Lucía."
"Mon Jun 09 2014 10:30:01 GMT+0200 (CEST),Edificio Santa Lucía."
"Mon Jun 09 2014 10:30:01 GMT+0200 (CEST),Edificio Santa Lucía."
"Mon Jun 09 2014 10:30:01 GMT+0200 (CEST),Edificio Santa Lucía."
"Mon Jun 09 2014 10:37:16 GMT+0200 (CEST),Edificio Santa Lucía."
"Mon Jun 30 2014 14:09:10 GMT+0200 (CEST),hospital real"
"Mon Mar 04 2013 08:50:35 GMT+0100 (CET),PALACIO DE LA MADRAZA"
"Mon Mar 11 2013 09:32:00 GMT+0100 (CET),Facultad de Comunicación y Documentación"
"Mon Mar 11 2013 09:32:00 GMT+0100 (CET),Facultad de Comunicación y Documentación"
"Mon Mar 11 2013 09:32:00 GMT+0100 (CET),Facultad de Comunicación y Documentación"
"Mon Mar 31 2014 15:31:47 GMT+0200 (CEST),BIBLIOTECA DE LA FACULTAD DE FARMACIA"
"Mon Nov 04 2013 11:41:39 GMT+0100 (CET),Facultad de Odontología"
"Mon Nov 04 2013 11:41:39 GMT+0100 (CET),Facultad de Odontología"
"Mon Nov 04 2013 11:41:39 GMT+0100 (CET),Facultad de Odontología"
"Mon Nov 04 2013 11:41:39 GMT+0100 (CET),Facultad de Odontología"
"Mon Nov 04 2013 11:41:39 GMT+0100 (CET),Facultad de Odontología"
"Mon Nov 04 2013 11:41:39 GMT+0100 (CET),Facultad de Odontología"
"Mon Nov 04 2013 11:41:39 GMT+0100 (CET),Facultad de Odontología"
"Mon Nov 04 2013 11:41:39 GMT+0100 (CET),Facultad de Odontología"
"Mon Nov 12 2012 09:27:57 GMT+0100 (CET),E.T.S. de Caminos."
"Mon Nov 12 2012 09:27:57 GMT+0100 (CET),E.T.S. de Caminos."
"Mon Nov 12 2012 09:27:57 GMT+0100 (CET),E.T.S. de Caminos."
"Mon Nov 12 2012 09:27:57 GMT+0100 (CET),E.T.S. de Caminos."
"Mon Nov 12 2012 09:27:57 GMT+0100 (CET),E.T.S. de Caminos."
"Mon Nov 12 2012 09:27:57 GMT+0100 (CET),E.T.S. de Caminos."
"Mon Oct 29 2012 10:22:57 GMT+0100 (CET),Edificio San Jeronimo"
"Mon Oct 29 2012 10:22:57 GMT+0100 (CET),Edificio San Jeronimo"
"Mon Oct 29 2012 10:22:57 GMT+0100 (CET),Edificio San Jeronimo"
"Mon Oct 29 2012 10:22:57 GMT+0100 (CET),Edificio San Jeronimo"
"Mon Oct 29 2012 10:22:57 GMT+0100 (CET),Edificio San Jeronimo"
"Mon Oct 29 2012 10:22:57 GMT+0100 (CET),Edificio San Jeronimo"
"Mon Oct 29 2012 10:22:57 GMT+0100 (CET),Edificio San Jeronimo"
"Mon Oct 29 2012 10:22:57 GMT+0100 (CET),Edificio San Jeronimo"
"Mon Oct 29 2012 10:22:57 GMT+0100 (CET),Edificio San Jeronimo"
"Mon Oct 29 2012 10:22:57 GMT+0100 (CET),Edificio San Jeronimo"
"Mon Sep 08 2014 13:42:36 GMT+0200 (CEST),"
"Mon Sep 08 2014 13:42:36 GMT+0200 (CEST),"
"Mon Sep 08 2014 13:42:36 GMT+0200 (CEST),"
"Mon Sep 08 2014 13:42:36 GMT+0200 (CEST),"
"Mon Sep 08 2014 13:42:36 GMT+0200 (CEST),"
"Mon Sep 08 2014 13:42:36 GMT+0200 (CEST),"
"Mon Sep 08 2014 13:42:36 GMT+0200 (CEST),"
"Mon Sep 08 2014 13:42:36 GMT+0200 (CEST),"
"Mon Sep 08 2014 13:42:36 GMT+0200 (CEST),"
"Mon Sep 08 2014 13:42:36 GMT+0200 (CEST),"
"Mon Sep 08 2014 13:42:36 GMT+0200 (CEST),"
"Mon Sep 08 2014 13:42:36 GMT+0200 (CEST),"
"Mon Sep 08 2014 13:42:36 GMT+0200 (CEST),"
"Mon Sep 08 2014 13:42:36 GMT+0200 (CEST),"
"Mon Sep 08 2014 13:42:36 GMT+0200 (CEST),"
"Mon Sep 08 2014 13:42:36 GMT+0200 (CEST),"
"Mon Sep 16 2013 10:07:59 GMT+0200 (CEST),Facultad de Ciencias"
"Mon Sep 16 2013 13:01:32 GMT+0200 (CEST),Centro de Instrumentación Científico"
"Mon Sep 16 2013 13:01:32 GMT+0200 (CEST),Centro de Instrumentación Científico"
"Mon Sep 24 2012 14:24:20 GMT+0200 (CEST),Extensión Universitaria"
"Mon Sep 24 2012 14:24:20 GMT+0200 (CEST),Extensión Universitaria"
"Mon Sep 24 2012 14:24:20 GMT+0200 (CEST),Extensión Universitaria"
"Mon Sep 29 2014 12:25:55 GMT+0200 (CEST),Oficina de Información General , Hospital Real"
"Sat Jun 28 2014 07:32:06 GMT+0200 (CEST),Sede del CSIRC en la Facultad de Filosofía y Letras, planta baja"
"Sun Apr 28 2013 18:31:25 GMT+0200 (CEST),Facultad de Ciencias"
"Thu Apr 11 2013 13:33:24 GMT+0200 (CEST),SECRETARIA GENERAL"
"Thu Dec 12 2013 10:29:02 GMT+0100 (CET),Dirección Biblioteca Universitaria"
"Thu Dic 5 2012 012:15:42 GMT+0200 (CEST),Oficina de software Libre (centro del CEVUG)"
"Thu Dic 5 2012 012:15:42 GMT+0200 (CEST),Oficina de software Libre (centro del CEVUG)"
"Thu Feb 06 2014 13:24:59 GMT+0100 (CET),Secretaría General- Hospital Real"
"Thu Feb 06 2014 13:24:59 GMT+0100 (CET),Secretaría General- Hospital Real"
"Thu Feb 06 2014 13:24:59 GMT+0100 (CET),Secretaría General- Hospital Real"
"Thu Feb 06 2014 13:24:59 GMT+0100 (CET),Secretaría General- Hospital Real"
"Thu Jan 16 2014 12:20:12 GMT+0100 (CET),E.T.S. ingenieía de Caminos, Canales y Puertos."
"Thu Jan 17 2013 14:30:20 GMT+0100 (CET),CITIC-UGR"
"Thu Jan 23 2014 11:31:51 GMT+0100 (CET),E.T.S. de Ingenería de Caminos, Canales y Puertos."
"Thu Jan 24 2013 14:02:01 GMT+0100 (CET),HOSPITAL REAL"
"Thu Jan 24 2013 14:02:01 GMT+0100 (CET),HOSPITAL REAL"
"Thu Jan 24 2013 14:02:01 GMT+0100 (CET),HOSPITAL REAL"
"Thu Jan 24 2013 14:02:01 GMT+0100 (CET),HOSPITAL REAL"
"Thu Jan 24 2013 14:02:01 GMT+0100 (CET),HOSPITAL REAL"
"Thu Jan 24 2013 14:02:01 GMT+0100 (CET),HOSPITAL REAL"
"Thu Jan 31 2013 09:43:09 GMT+0100 (CET),Unidad de Calidad Ambiental"
"Thu Jan 31 2013 09:43:09 GMT+0100 (CET),Unidad de Calidad Ambiental"
"Thu Jul 18 2013 12:05:02 GMT+0200 (CEST),Bilioteca"
"Thu Jul 18 2013 12:05:02 GMT+0200 (CEST),Bilioteca"
"Thu Jul 18 2013 12:05:02 GMT+0200 (CEST),Bilioteca"
"Thu Jul 18 2013 12:05:02 GMT+0200 (CEST),Bilioteca"
"Thu Jul 18 2013 12:05:02 GMT+0200 (CEST),Bilioteca"
"Thu Jul 18 2013 12:05:02 GMT+0200 (CEST),Bilioteca"
"Thu Jul 18 2013 13:34:23 GMT+0200 (CEST),Hospital Real"
"Thu Jul 18 2013 13:34:23 GMT+0200 (CEST),Hospital Real"
"Thu Jul 18 2013 13:34:23 GMT+0200 (CEST),Hospital Real"
"Thu Jul 18 2013 13:34:23 GMT+0200 (CEST),Hospital Real"
"Thu Jul 18 2013 13:34:23 GMT+0200 (CEST),Hospital Real"
"Thu Jul 24 2014 09:37:51 GMT+0200 (CEST),Fundación General UGR-Empresa"
"Thu Jul 24 2014 09:37:51 GMT+0200 (CEST),Fundación General UGR-Empresa"
"Thu Jul 24 2014 09:37:51 GMT+0200 (CEST),Fundación General UGR-Empresa"
"Thu Jul 24 2014 09:37:51 GMT+0200 (CEST),Fundación General UGR-Empresa"
"Thu Jul 24 2014 09:37:51 GMT+0200 (CEST),Fundación General UGR-Empresa"
"Thu Jul 24 2014 09:37:51 GMT+0200 (CEST),Fundación General UGR-Empresa"
"Thu Jul 24 2014 09:37:51 GMT+0200 (CEST),Fundación General UGR-Empresa"
"Thu Jul 24 2014 09:37:51 GMT+0200 (CEST),Fundación General UGR-Empresa"
"Thu Jul 24 2014 09:37:51 GMT+0200 (CEST),Fundación General UGR-Empresa"
"Thu Jul 24 2014 09:37:51 GMT+0200 (CEST),Fundación General UGR-Empresa"
"Thu Jul 24 2014 09:37:51 GMT+0200 (CEST),Fundación General UGR-Empresa"
"Thu Jul 24 2014 09:37:51 GMT+0200 (CEST),Fundación General UGR-Empresa"
"Thu Jul 26 2012 14:13:14 GMT+0200 (CEST),ETS Ingenierías Informáticas y de Telecomunicación"
"Thu Jul 26 2012 14:13:14 GMT+0200 (CEST),ETS Ingenierías Informáticas y de Telecomunicación"
"Thu Jul 26 2012 14:13:14 GMT+0200 (CEST),ETS Ingenierías Informáticas y de Telecomunicación"
"Thu Jul 26 2012 14:13:14 GMT+0200 (CEST),ETS Ingenierías Informáticas y de Telecomunicación"
"Thu Jul 30 2012 14:13:14 GMT+0200 (CEST),ETS Ingenierías Informáticas y de Telecomunicación"
"Thu Jul 31 2014 10:51:17 GMT+0200 (CEST),"
"Thu Jul 31 2014 10:51:17 GMT+0200 (CEST),"
"Thu Jul 31 2014 10:51:17 GMT+0200 (CEST),"
"Thu Jul 31 2014 10:51:17 GMT+0200 (CEST),"
"Thu Jul 31 2014 10:51:17 GMT+0200 (CEST),"
"Thu Jul 31 2014 10:51:17 GMT+0200 (CEST),"
"Thu Jun 05 2014 12:40:34 GMT+0200 (CEST),GERENCIA"
"Thu Jun 13 2013  10:00,Colegio Máximo"
"Thu Jun 13 2013  10:00,Colegio Máximo"
"Thu Jun 13 2013  10:00,Colegio Máximo"
"Thu Jun 13 2013  10:00,Colegio Máximo"
"Thu Jun 13 2013  10:00,Colegio Máximo"
"Thu Jun 13 2013  10:00,Colegio Máximo"
"Thu Jun 13 2013 13:49:33 GMT+0200 (CEST),Gabinete Psicopedagógico"
"Thu Jun 13 2013 13:49:33 GMT+0200 (CEST),Gabinete Psicopedagógico"
"Thu Jun 13 2013 13:49:33 GMT+0200 (CEST),Gabinete Psicopedagógico"
"Thu Jun 13 2013 13:49:33 GMT+0200 (CEST),Gabinete Psicopedagógico"
"Thu Jun 13 2013 13:49:33 GMT+0200 (CEST),Gabinete Psicopedagógico"
"Thu Jun 20 2013 13:42:42 GMT+0200 (CEST),HOSPITAL REAL"
"Thu Mar 06 2014 12:07:18 GMT+0100 (CET),FACULTAD DE CIENCIAS"
"Thu Mar 06 2014 12:07:18 GMT+0100 (CET),FACULTAD DE CIENCIAS"
"Thu Mar 06 2014 12:07:18 GMT+0100 (CET),FACULTAD DE CIENCIAS"
"Thu Mar 14 2013 13:24:58 GMT+0100 (CET),Facultad de Comunicación y Documentación"
"Thu Mar 14 2013 13:24:58 GMT+0100 (CET),Facultad de Comunicación y Documentación"
"Thu Mar 14 2013 13:24:58 GMT+0100 (CET),Facultad de Comunicación y Documentación"
"Thu Mar 14 2013 13:24:58 GMT+0100 (CET),Facultad de Comunicación y Documentación"
"Thu May 08 2014 13:14:01 GMT+0200 (CEST),CENTRO DE ACTIVIDADES DEPORTIVAS"
"Thu May 10 2012 08:15:42 GMT+0200 (CEST),FACULTAD DE MEDICINA"
"Thu May 10 2012 08:15:42 GMT+0200 (CEST),FACULTAD DE MEDICINA"
"Thu May 10 2012 08:15:42 GMT+0200 (CEST),FACULTAD DE MEDICINA"
"Thu May 10 2012 08:15:42 GMT+0200 (CEST),FACULTAD DE MEDICINA"
"Thu May 10 2012 08:15:42 GMT+0200 (CEST),FACULTAD DE MEDICINA"
"Thu May 10 2012 08:15:42 GMT+0200 (CEST),FACULTAD DE MEDICINA"
"Thu May 31 2012 08:14:59 GMT+0200 (CEST),Archivo Universitario"
"Thu Oct 16 2014 10:25:23 GMT+0200 (CEST),Centro de Transferencia Tecnológica"
"Thu Oct 17 2013 12:41:17 GMT+0200 (CEST),INSTITUTO ANDALUZ DE GEOFISICA"
"Thu Oct 17 2013 12:41:17 GMT+0200 (CEST),INSTITUTO ANDALUZ DE GEOFISICA"
"Thu Oct 17 2013 12:41:17 GMT+0200 (CEST),INSTITUTO ANDALUZ DE GEOFISICA"
"Thu Oct 17 2013 12:41:17 GMT+0200 (CEST),INSTITUTO ANDALUZ DE GEOFISICA"
"Thu Oct 17 2013 12:41:17 GMT+0200 (CEST),INSTITUTO ANDALUZ DE GEOFISICA"
"Thu Oct 17 2013 12:41:17 GMT+0200 (CEST),INSTITUTO ANDALUZ DE GEOFISICA"
"Thu Oct 17 2013 12:41:17 GMT+0200 (CEST),INSTITUTO ANDALUZ DE GEOFISICA"
"Thu Oct 17 2013 12:41:17 GMT+0200 (CEST),INSTITUTO ANDALUZ DE GEOFISICA"
"Thu Sep 12 2013 12:10:44 GMT+0200 (CEST),Edificio Mecenas"
"Thu Sep 12 2013 12:10:44 GMT+0200 (CEST),Edificio Mecenas"
"Thu Sep 12 2013 12:10:44 GMT+0200 (CEST),Edificio Mecenas"
"Thu Sep 12 2013 12:10:44 GMT+0200 (CEST),Edificio Mecenas"
"Thu Sep 12 2013 12:10:44 GMT+0200 (CEST),Edificio Mecenas"
"Thu Sep 12 2013 12:10:44 GMT+0200 (CEST),Edificio Mecenas"
"Thu Sep 12 2013 12:10:44 GMT+0200 (CEST),Edificio Mecenas"
"Thu Sep 13 2012 11:26:43 GMT+0200 (CEST),Facultad de Odontología"
"Thu Sep 13 2012 11:26:43 GMT+0200 (CEST),Facultad de Odontología"
"Thu Sep 13 2012 11:26:43 GMT+0200 (CEST),Facultad de Odontología"
"Thu Sep 13 2012 11:26:43 GMT+0200 (CEST),Facultad de Odontología"
"Thu Sep 13 2012 11:26:43 GMT+0200 (CEST),Facultad de Odontología"
"Thu Sep 13 2012 11:26:43 GMT+0200 (CEST),Facultad de Odontología"
"Thu Sep 25 2014 10:57:52 GMT+0200 (CEST),Facultad de Ciencias"
"Thu Sep 25 2014 11:13:02 GMT+0200 (CEST),Facultad de Ciencias"
"Thu Sep 25 2014 11:19:25 GMT+0200 (CEST),Facultad de Ciencias"
"Thu Sep 27 2012 12:44:57 GMT+0200 (CEST),CENTRO DE ACTIVIADES DEPORTIVAS"
"Thu Sep 27 2012 12:44:57 GMT+0200 (CEST),CENTRO DE ACTIVIDADES DEPORTIVAS"
"Thu Sep 27 2012 12:44:57 GMT+0200 (CEST),CENTRO DE ACTIVIDADADES DEPORTIVAS"
"Thu Sep 27 2012 12:44:57 GMT+0200 (CEST),CENTRO DE ACTIVIDADES DEPORTIVAS"
"Thu Sep 27 2012 12:44:57 GMT+0200 (CEST),CENTRO DE ACTIVIDADES DEPORTIVAS"
"Thu Sep 27 2012 12:44:57 GMT+0200 (CEST),CENTRO DE ACTIVIDADES DEPORTIVAS"
"Tue Dec 18 2012 11:50:35 GMT+0100 (CET),ETS Ingenierías Informáticas y de Telecomunicación"
"Tue Feb 11 2014 11:39:30 GMT+0100 (CET),FACULTAD DE CIENCIAS"
"Tue Feb 11 2014 14:02:46 GMT+0100 (CET),facultad de Ciencias"
"Tue Feb 11 2014 14:02:46 GMT+0100 (CET),facultad de Ciencias"
"Tue Feb 11 2014 14:02:46 GMT+0100 (CET),facultad de Ciencias"
"Tue Feb 11 2014 14:02:46 GMT+0100 (CET),facultad de Ciencias"
"Tue Feb 11 2014 14:02:46 GMT+0100 (CET),facultad de Ciencias"
"Tue Feb 11 2014 14:02:46 GMT+0100 (CET),facultad de Ciencias"
"Tue Feb 11 2014 14:02:46 GMT+0100 (CET),facultad de Ciencias"
"Tue Jan 15 2013 11:09:32 GMT+0100 (CET),ETS Ingenierías Informáticas y de Telecomunicación"
"Tue Jan 21 2014 14:03:28 GMT+0100 (CET),CICODE"
"Tue Jan 21 2014 14:03:28 GMT+0100 (CET),CICODE"
"Tue Jan 21 2014 14:03:28 GMT+0100 (CET),CICODE"
"Tue Jan 28 2014 10:34:36 GMT+0100 (CET),Facultad de Ciencias Políticas y Sociología"
"Tue Jan 28 2014 10:34:36 GMT+0100 (CET),Facultad de Ciencias Políticas y Sociología"
"Tue Jan 28 2014 10:34:36 GMT+0100 (CET),Facultad de Ciencias Políticas y Sociología"
"Tue Jan 28 2014 10:34:36 GMT+0100 (CET),Facultad de Ciencias Políticas y Sociología"
"Tue Jan 28 2014 10:34:36 GMT+0100 (CET),Facultad de Ciencias Políticas y Sociología"
"Tue Jan 28 2014 10:34:36 GMT+0100 (CET),Facultad de Ciencias Políticas y Sociología"
"Tue Jan 28 2014 10:34:36 GMT+0100 (CET),Facultad de Ciencias Políticas y Sociología"
"Tue Jan 28 2014 10:34:36 GMT+0100 (CET),Facultad de Ciencias Políticas y Sociología"
"Tue Jan 28 2014 12:45:16 GMT+0100 (CET),Facultad de Filosofía y Letras"
"Tue Jan 28 2014 12:45:16 GMT+0100 (CET),Facultad de Filosofía y Letras"
"Tue Jul 10 2012 10:56:10 GMT+0200 (CEST),Centro de Instrumentación Científica"
"Tue Jul 10 2012 10:56:10 GMT+0200 (CEST),Centro de Instrumentación Científica"
"Tue Jul 10 2012 10:56:10 GMT+0200 (CEST),Centro de Instrumentación Científica"
"Tue Jul 10 2012 10:56:10 GMT+0200 (CEST),Centro de Instrumentación Científica"
"Tue Jul 18 2012 20:56:10 GMT+0200 (CEST),Almacén de Peligros"
"Tue Jul 18 2012 20:56:10 GMT+0200 (CEST),Almacén de Peligros"
"Tue Jul 18 2012 20:56:10 GMT+0200 (CEST),Almacén de Peligros"
"Tue Jul 18 2012 20:56:10 GMT+0200 (CEST),Almacén de Peligros"
"Tue Jul 24 2012 11:29:52 GMT+0200 (CEST),HOSPITAL REAL"
"Tue Mar 05 2013 10:31:17 GMT+0100 (CET),Facultad de Ciencias"
"Tue Mar 05 2013 10:31:17 GMT+0100 (CET),Facultad de Ciencias"
"Tue Mar 05 2013 10:31:17 GMT+0100 (CET),Facultad de Ciencias"
"Tue Mar 05 2013 10:31:17 GMT+0100 (CET),Facultad de Ciencias"
"Tue Mar 05 2013 10:31:17 GMT+0100 (CET),Facultad de Ciencias"
"Tue Mar 05 2013 10:31:17 GMT+0100 (CET),Facultad de Ciencias"
"Tue May 14 2013 09:41:16 GMT+0200 (CEST),Servicio de Asuntos Generales (Hospital Real)"
"Tue Nov 06 2012 09:19:22 GMT+0100 (CET),e t s i e"
"Tue Nov 06 2012 09:19:22 GMT+0100 (CET),e t s i e"
"Tue Nov 06 2012 09:19:22 GMT+0100 (CET),e t s i e"
"Tue Nov 06 2012 09:19:22 GMT+0100 (CET),e t s i e"
"Tue Nov 06 2012 09:19:22 GMT+0100 (CET),e t s i e"
"Tue Nov 20 2012 09:04:07 GMT+0100 (CET),FACULTAD DE CIENCIAS ECONOMICAS Y EMPRESARIALES"
"Tue Nov 20 2012 09:04:07 GMT+0100 (CET),FACULTAD DE CIENCIAS ECONOMICAS Y EMPRESARIALES"
"Tue Nov 20 2012 09:04:07 GMT+0100 (CET),FACULTAD DE CIENCIAS ECONOMICAS Y EMPRESARIALES"
"Tue Nov 20 2012 09:04:07 GMT+0100 (CET),FACULTAD DE CIENCIAS ECONOMICAS Y EMPRESARIALES"
"Tue Oct 07 2014 11:01:40 GMT+0200 (CEST),Edificio Santa Lucía."
"Tue Oct 07 2014 11:01:40 GMT+0200 (CEST),Edificio Santa Lucía."
"Tue Oct 16 2012 11:59:14 GMT+0200 (CEST),FACULTAD DE FILOSOFIA Y LETRAS"
"Tue Oct 16 2012 11:59:14 GMT+0200 (CEST),FACULTAD DE FILOSOFIA Y LETRAS"
"Tue Oct 16 2012 11:59:14 GMT+0200 (CEST),FACULTAD DE FILOSOFIA Y LETRAS"
"Tue Oct 16 2012 11:59:14 GMT+0200 (CEST),FACULTAD DE FILOSOFIA Y LETRAS"
"Tue Oct 16 2012 11:59:14 GMT+0200 (CEST),FACULTAD DE FILOSOFIA Y LETRAS"
"Tue Oct 16 2012 11:59:14 GMT+0200 (CEST),FACULTAD DE FILOSOFIA Y LETRAS"
"Tue Oct 16 2012 11:59:14 GMT+0200 (CEST),FACULTAD DE FILOSOFIA Y LETRAS"
"Tue Sep 16 2014 09:05:56 GMT+0200 (CEST),Instituto Andaluz de Geofisica"
"Tue Sep 16 2014 09:05:56 GMT+0200 (CEST),Instituto Andaluz de Geofisica"
"Tue Sep 16 2014 09:05:56 GMT+0200 (CEST),Instituto Andaluz de Geofisica"
"Tue Sep 16 2014 09:05:56 GMT+0200 (CEST),Instituto Andaluz de Geofisica"
"Tue Sep 16 2014 09:05:56 GMT+0200 (CEST),Instituto Andaluz de Geofisica"
"Tue Sep 16 2014 09:05:56 GMT+0200 (CEST),Instituto Andaluz de Geofisica"
"Tue Sep 16 2014 09:05:56 GMT+0200 (CEST),Instituto Andaluz de Geofisica"
"Tue Sep 16 2014 10:59:53 GMT+0200 (CEST),Area de Planificación"
"Tue Sep 16 2014 12:29:33 GMT+0200 (CEST),Universidad de Granada"
"Tue Sep 16 2014 12:29:33 GMT+0200 (CEST),Universidad de Granada"
"Tue Sep 16 2014 12:29:33 GMT+0200 (CEST),Universidad de Granada"
"Tue Sep 24 2013 10:11:26 GMT+0200 (CEST),R.I.  Carmen de la Victoria"
"Tue Sep 24 2013 10:11:26 GMT+0200 (CEST),R.I.  Carmen de la Victoria"
"Tue Sep 24 2013 11:09:54 GMT+0200 (CEST),C.M. Isabel La Católica"
"Tue Sep 24 2013 11:09:54 GMT+0200 (CEST),C.M. Isabel La Católica"
"Tue Sep 24 2013 11:09:54 GMT+0200 (CEST),C.M. Isabel La Católica"
"Tue Sep 25 2012 07:54:51 GMT+0200 (CEST),Oficina de Relaciones Internacionales"
"Tue Sep 25 2012 07:54:51 GMT+0200 (CEST),Oficina de Relaciones Internacionales"
"Tue Sep 25 2012 12:44:57 GMT+0200 (CEST),GABINETE DE RECURSOS HUMANOS Y ORGANIZACIÓN"
"Tue Sep 25 2012 12:44:57 GMT+0200 (CEST),GABINETE DE RECURSOS HUMANOS Y ORGANIZACIÓN"
"Tue Sep 25 2012 12:44:57 GMT+0200 (CEST),GABINETE DE RECURSOS HUMANOS Y ORGANIZACIÓN"
"Tue Sep 25 2012 12:44:57 GMT+0200 (CEST),GABINETE DE RECURSOS HUMANOS Y ORGANIZACIÓN"
"Tue Sep 25 2012 12:44:57 GMT+0200 (CEST),GABINETE DE RECURSOS HUMANOS Y ORGANIZACIÓN"
"Tue Sep 30 2014 13:18:53 GMT+0200 (CEST),E.T.S. Ingenieria de Caminos, Canales y Puertos"
"Tue Sep 30 2014 13:18:53 GMT+0200 (CEST),E.T.S. Ingenieria de Caminos, Canales y Puertos"
"Tue Sep 30 2014 13:18:53 GMT+0200 (CEST),E.T.S. Ingenieria de Caminos, Canales y Puertos"
"Tue Sep 30 2014 13:18:53 GMT+0200 (CEST),E.T.S. Ingenieria de Caminos, Canales y Puertos"
"Tue Sep 30 2014 13:18:53 GMT+0200 (CEST),E.T.S. Ingenieria de Caminos, Canales y Puertos"
"Tue Sep 30 2014 13:18:53 GMT+0200 (CEST),E.T.S. Ingenieria de Caminos, Canales y Puertos"
"Tue Sep 30 2014 13:18:53 GMT+0200 (CEST),E.T.S. Ingenieria de Caminos, Canales y Puertos"
"Tue Sep 30 2014 13:18:53 GMT+0200 (CEST),E.T.S. Ingenieria de Caminos, Canales y Puertos"
"Wed Apr 03 2013 11:38:40 GMT+0200 (CEST),Gabinete Psicopedagógico"
"Wed Apr 03 2013 11:38:40 GMT+0200 (CEST),Gabinete Psicopedagógico"
"Wed Apr 03 2013 11:38:40 GMT+0200 (CEST),Gabinete Psicopedagógico"
"Wed Apr 03 2013 11:38:40 GMT+0200 (CEST),Gabinete Psicopedagógico"
"Wed Apr 03 2013 11:38:40 GMT+0200 (CEST),Gabinete Psicopedagógico"
"Wed Apr 24 2013 09:23:32 GMT+0200 (CEST),Oficina del Defensor Universitario"
"Wed Apr 24 2013 09:23:32 GMT+0200 (CEST),Oficina del Defensor Universitario"
"Wed Apr 24 2013 09:23:32 GMT+0200 (CEST),Oficina del Defensor Universitario"
"Wed Apr 24 2013 09:24:47 GMT+0200 (CEST),unidad de calidad ambiental"
"Wed Apr 24 2013 09:24:47 GMT+0200 (CEST),unidad de calidad ambiental"
"Wed Apr 24 2013 09:24:47 GMT+0200 (CEST),unidad de calidad ambiental"
"Wed Apr 24 2013 09:24:47 GMT+0200 (CEST),unidad de calidad ambiental"
"Wed Feb 12 2014 12:19:37 GMT+0100 (CET),Facultad de Ciencias del Deporte"
"Wed Feb 12 2014 12:19:37 GMT+0100 (CET),Facultad de Ciencias del Deporte"
"Wed Feb 12 2014 12:19:37 GMT+0100 (CET),Facultad de Ciencias del Deporte"
"Wed Feb 12 2014 12:19:37 GMT+0100 (CET),Facultad de Ciencias del Deporte"
"Wed Feb 12 2014 12:19:37 GMT+0100 (CET),Facultad de Ciencias del Deporte"
"Wed Feb 12 2014 12:19:37 GMT+0100 (CET),Facultad de Ciencias del Deporte"
"Wed Feb 12 2014 12:19:37 GMT+0100 (CET),Facultad de Ciencias del Deporte"
"Wed Feb 12 2014 12:19:37 GMT+0100 (CET),Facultad de Ciencias del Deporte"
"Wed Feb 12 2014 12:19:37 GMT+0100 (CET),Facultad de Ciencias del Deporte"
"Wed Feb 12 2014 12:19:37 GMT+0100 (CET),Facultad de Ciencias del Deporte"
"Wed Feb 12 2014 12:19:37 GMT+0100 (CET),Facultad de Ciencias del Deporte"
"Wed Feb 12 2014 12:19:37 GMT+0100 (CET),Facultad de Ciencias del Deporte"
"Wed Feb 12 2014 12:19:37 GMT+0100 (CET),Facultad de Ciencias del Deporte"
"Wed Feb 12 2014 12:19:37 GMT+0100 (CET),Facultad de Ciencias del Deporte"
"Wed Feb 12 2014 12:19:37 GMT+0100 (CET),Facultad de Ciencias del Deporte"
"Wed Feb 12 2014 12:19:37 GMT+0100 (CET),Facultad de Ciencias del Deporte"
"Wed Feb 12 2014 12:19:37 GMT+0100 (CET),Facultad de Ciencias del Deporte"
"Wed Feb 12 2014 12:19:37 GMT+0100 (CET),Facultad de Ciencias del Deporte"
"Wed Feb 12 2014 12:19:37 GMT+0100 (CET),Facultad de Ciencias del Deporte"
"Wed Feb 12 2014 12:19:37 GMT+0100 (CET),Facultad de Ciencias del Deporte"
"Wed Feb 26 2014 08:09:24 GMT+0100 (CET),Edificio Santa Lucía. (Servicios Centrales)."
"Wed Feb 26 2014 08:09:24 GMT+0100 (CET),Edificio Santa Lucía. (Servicios Centrales)."
"Wed Feb 26 2014 08:09:24 GMT+0100 (CET),Edificio Santa Lucía. (Servicios Centrales)."
"Wed Feb 26 2014 09:14:59 GMT+0100 (CET),Edificio Santa Lucía (Servicios Centrales)."
"Wed Feb 26 2014 09:14:59 GMT+0100 (CET),Edificio Santa Lucía (Servicios Centrales)."
"Wed Feb 26 2014 09:14:59 GMT+0100 (CET),Edificio Santa Lucía (Servicios Centrales)."
"Wed Feb 26 2014 09:14:59 GMT+0100 (CET),Edificio Santa Lucía (Servicios Centrales)."
"Wed Feb 26 2014 12:29:50 GMT+0100 (CET),Centro de Instrumentación Científica"
"Wed Feb 26 2014 12:29:50 GMT+0100 (CET),Centro de Instrumentación Científica"
"Wed Feb 26 2014 12:29:50 GMT+0100 (CET),Centro de Instrumentación Científica"
"Wed Jan 23 2013 08:34:29 GMT+0100 (CET),FUNDACIÓN EMPRESA-UNIVERSIDAD"
"Wed Jan 23 2013 08:34:29 GMT+0100 (CET),FUNDACIÓN EMPRESA-UNIVERSIDAD"
"Wed Jan 23 2013 11:27:44 GMT+0100 (CET),CENTRO DE INVESTIGACION BIOMEDICA"
"Wed Jan 23 2013 11:27:44 GMT+0100 (CET),CENTRO DE INVESTIGACION BIOMEDICA"
"Wed Jan 23 2013 11:27:44 GMT+0100 (CET),CENTRO DE INVESTIGACION BIOMEDICA"
"Wed Jan 23 2013 11:27:44 GMT+0100 (CET),CENTRO DE INVESTIGACION BIOMEDICA"
"Wed Jan 23 2013 11:27:44 GMT+0100 (CET),CENTRO DE INVESTIGACION BIOMEDICA"
"Wed Jan 23 2013 11:27:44 GMT+0100 (CET),CENTRO DE INVESTIGACION BIOMEDICA"
"Wed Jan 23 2013 12:30:32 GMT+0100 (CET),VICERRECTORADO DE INFRAESTRUCTURAS Y CAMPUS"
"Wed Jan 23 2013 12:30:32 GMT+0100 (CET),VICERRECTORADO DE INFRAESTRUCTURAS Y CAMPUS"
"Wed Jan 29 2014 09:33:46 GMT+0100 (CET),Traducción"
"Wed Jan 29 2014 09:33:46 GMT+0100 (CET),Traducción"
"Wed Jan 29 2014 09:33:46 GMT+0100 (CET),Traducción"
"Wed Jan 29 2014 09:33:46 GMT+0100 (CET),Traducción"
"Wed Jan 29 2014 09:33:46 GMT+0100 (CET),Traducción"
"Wed Jan 29 2014 09:33:46 GMT+0100 (CET),Traducción"
"Wed Jan 29 2014 09:33:46 GMT+0100 (CET),Traducción"
"Wed Jan 29 2014 09:33:46 GMT+0100 (CET),Traducción"
"Wed Jan 29 2014 09:33:46 GMT+0100 (CET),Traducción"
"Wed Jan 29 2014 09:33:46 GMT+0100 (CET),Traducción"
"Wed Jan 30 2013 10:37:34 GMT+0100 (CET),CENTRO DE INVESTIGACION BIOMEDICA"
"Wed Jan 30 2013 10:37:34 GMT+0100 (CET),CENTRO DE INVESTIGACION BIOMEDICA"
"Wed Jan 30 2013 10:37:34 GMT+0100 (CET),CENTRO DE INVESTIGACION BIOMEDICA"
"Wed Jan 30 2013 10:37:34 GMT+0100 (CET),CENTRO DE INVESTIGACION BIOMEDICA"
"Wed Jan 30 2013 10:37:34 GMT+0100 (CET),CENTRO DE INVESTIGACION BIOMEDICA"
"Wed Jan 30 2013 10:37:34 GMT+0100 (CET),CENTRO DE INVESTIGACION BIOMEDICA"
"Wed Jan 30 2013 10:37:34 GMT+0100 (CET),CENTRO DE INVESTIGACION BIOMEDICA"
"Wed Jan 30 2013 10:37:34 GMT+0100 (CET),CENTRO DE INVESTIGACION BIOMEDICA"
"Wed Jan 30 2013 12:45:57 GMT+0100 (CET),CONSEJO SOCIAL"
"Wed Jan 30 2013 12:45:57 GMT+0100 (CET),CONSEJO SOCIAL"
"Wed Jan 30 2013 12:45:57 GMT+0100 (CET),CONSEJO SOCIAL"
"Wed Jul 10 2013 10:45:23 GMT+0200 (CEST),Facultad de Ciencias de la Educación"
"Wed Jul 10 2013 10:45:23 GMT+0200 (CEST),Facultad de Ciencias de la Educación"
"Wed Jul 10 2013 10:45:23 GMT+0200 (CEST),Facultad de Ciencias de la Educación"
"Wed Jul 10 2013 10:45:23 GMT+0200 (CEST),Facultad de Ciencias de la Educación"
"Wed Jul 10 2013 10:45:23 GMT+0200 (CEST),Facultad de Ciencias de la Educación"
"Wed Jul 10 2013 10:45:23 GMT+0200 (CEST),Facultad de Ciencias de la Educación"
"Wed Jul 10 2013 10:45:23 GMT+0200 (CEST),Facultad de Ciencias de la Educación"
"Wed Jul 10 2013 10:45:23 GMT+0200 (CEST),Facultad de Ciencias de la Educación"
"Wed Jul 10 2013 10:45:23 GMT+0200 (CEST),Facultad de Ciencias de la Educación"
"Wed Jul 10 2013 10:45:23 GMT+0200 (CEST),Facultad de Ciencias de la Educación"
"Wed Jul 10 2013 10:45:23 GMT+0200 (CEST),Facultad de Ciencias de la Educación"
"Wed Jul 10 2013 10:45:23 GMT+0200 (CEST),Facultad de Ciencias de la Educación"
"Wed Jul 10 2013 10:45:23 GMT+0200 (CEST),Facultad de Ciencias de la Educación"
"Wed Jul 10 2013 10:45:23 GMT+0200 (CEST),Facultad de Ciencias de la Educación"
"Wed Jul 10 2013 10:45:23 GMT+0200 (CEST),Facultad de Ciencias de la Educación"
"Wed Jul 10 2013 10:45:23 GMT+0200 (CEST),Facultad de Ciencias de la Educación"
"Wed Jul 24 2013 12:26:59 GMT+0200 (CEST),HOSPITAL REAL"
"Wed Jul 24 2013 12:26:59 GMT+0200 (CEST),HOSPITAL REAL"
"Wed Jun 13 2012 11:32:29 GMT+0200 (CEST),FARMACIA"
"Wed Jun 20 2012 12:34:53 GMT+0200 (CEST),Facultad de Ciencias"
"Wed Jun 20 2012 12:34:53 GMT+0200 (CEST),Facultad de Ciencias"
"Wed Jun 20 2012 12:34:53 GMT+0200 (CEST),Facultad de Ciencias"
"Wed Jun 20 2012 12:34:53 GMT+0200 (CEST),Facultad de Ciencias"
"Wed Mar 06 2013 11:50:48 GMT+0100 (CET),FACULTAD DE CIENCIAS DE LA SALUD"
"Wed Mar 06 2013 11:50:48 GMT+0100 (CET),FACULTAD DE CIENCIAS DE LA SALUD"
"Wed Mar 06 2013 11:50:48 GMT+0100 (CET),FACULTAD DE CIENCIAS DE LA SALUD"
"Wed Mar 06 2013 11:50:48 GMT+0100 (CET),FACULTAD DE CIENCIAS DE LA SALUD"
"Wed Mar 06 2013 11:50:48 GMT+0100 (CET),FACULTAD DE CIENCIAS DE LA SALUD"
"Wed Mar 06 2013 11:50:48 GMT+0100 (CET),FACULTAD DE CIENCIAS DE LA SALUD"
"Wed Mar 06 2013 11:50:48 GMT+0100 (CET),FACULTAD DE CIENCIAS DE LA SALUD"
"Wed Mar 06 2013 11:50:48 GMT+0100 (CET),FACULTAD DE CIENCIAS DE LA SALUD"
"Wed Mar 06 2013 11:50:48 GMT+0100 (CET),FACULTAD DE CIENCIAS DE LA SALUD"
"Wed Mar 06 2013 11:50:48 GMT+0100 (CET),FACULTAD DE CIENCIAS DE LA SALUD"
"Wed Mar 06 2013 11:50:48 GMT+0100 (CET),FACULTAD DE CIENCIAS DE LA SALUD"
"Wed Mar 06 2013 11:50:48 GMT+0100 (CET),FACULTAD DE CIENCIAS DE LA SALUD"
"Wed Mar 06 2013 11:50:48 GMT+0100 (CET),FACULTAD DE CIENCIAS DE LA SALUD"
"Wed Mar 06 2013 11:50:48 GMT+0100 (CET),FACULTAD DE CIENCIAS DE LA SALUD"
"Wed Mar 06 2013 11:50:48 GMT+0100 (CET),FACULTAD DE CIENCIAS DE LA SALUD"
"Wed Mar 06 2013 11:50:48 GMT+0100 (CET),FACULTAD DE CIENCIAS DE LA SALUD"
"Wed Mar 06 2013 11:50:48 GMT+0100 (CET),FACULTAD DE CIENCIAS DE LA SALUD"
"Wed Mar 06 2013 11:50:48 GMT+0100 (CET),FACULTAD DE CIENCIAS DE LA SALUD"
"Wed Mar 06 2013 11:50:48 GMT+0100 (CET),FACULTAD DE CIENCIAS DE LA SALUD"
"Wed Mar 06 2013 11:50:48 GMT+0100 (CET),FACULTAD DE CIENCIAS DE LA SALUD"
"Wed Mar 06 2013 11:50:48 GMT+0100 (CET),FACULTAD DE CIENCIAS DE LA SALUD"
"Wed Mar 06 2013 11:50:48 GMT+0100 (CET),FACULTAD DE CIENCIAS DE LA SALUD"
"Wed Mar 06 2013 11:50:48 GMT+0100 (CET),FACULTAD DE CIENCIAS DE LA SALUD"
"Wed Mar 06 2013 11:50:48 GMT+0100 (CET),FACULTAD DE CIENCIAS DE LA SALUD"
"Wed Mar 06 2013 11:50:48 GMT+0100 (CET),FACULTAD DE CIENCIAS DE LA SALUD"
"Wed Mar 06 2013 11:50:48 GMT+0100 (CET),FACULTAD DE CIENCIAS DE LA SALUD"
"Wed Mar 06 2013 11:50:48 GMT+0100 (CET),FACULTAD DE CIENCIAS DE LA SALUD"
"Wed Mar 06 2013 11:50:48 GMT+0100 (CET),FACULTAD DE CIENCIAS DE LA SALUD"
"Wed Mar 06 2013 11:50:48 GMT+0100 (CET),FACULTAD DE CIENCIAS DE LA SALUD"
"Wed Mar 06 2013 11:50:48 GMT+0100 (CET),FACULTAD DE CIENCIAS DE LA SALUD"
"Wed Mar 06 2013 11:50:48 GMT+0100 (CET),FACULTAD DE CIENCIAS DE LA SALUD"
"Wed Mar 06 2013 11:50:48 GMT+0100 (CET),FACULTAD DE CIENCIAS DE LA SALUD"
"Wed Mar 06 2013 11:50:48 GMT+0100 (CET),FACULTAD DE CIENCIAS DE LA SALUD"
"Wed Mar 06 2013 11:50:48 GMT+0100 (CET),FACULTAD DE CIENCIAS DE LA SALUD"
"Wed Mar 06 2013 11:50:48 GMT+0100 (CET),FACULTAD DE CIENCIAS DE LA SALUD"
"Wed Mar 06 2013 11:50:48 GMT+0100 (CET),FACULTAD DE CIENCIAS DE LA SALUD"
"Wed Mar 06 2013 11:50:48 GMT+0100 (CET),FACULTAD DE CIENCIAS DE LA SALUD"
"Wed Mar 06 2013 11:50:48 GMT+0100 (CET),FACULTAD DE CIENCIAS DE LA SALUD"
"Wed Mar 06 2013 11:50:48 GMT+0100 (CET),FACULTAD DE CIENCIAS DE LA SALUD"
"Wed Mar 06 2013 11:50:48 GMT+0100 (CET),FACULTAD DE CIENCIAS DE LA SALUD"
"Wed Mar 06 2013 11:50:48 GMT+0100 (CET),FACULTAD DE CIENCIAS DE LA SALUD"
"Wed Mar 06 2013 11:50:48 GMT+0100 (CET),FACULTAD DE CIENCIAS DE LA SALUD"
"Wed Mar 06 2013 11:50:48 GMT+0100 (CET),FACULTAD DE CIENCIAS DE LA SALUD"
"Wed Mar 06 2013 11:50:48 GMT+0100 (CET),FACULTAD DE CIENCIAS DE LA SALUD"
"Wed Mar 06 2013 11:50:48 GMT+0100 (CET),FACULTAD DE CIENCIAS DE LA SALUD"
"Wed Mar 06 2013 11:50:48 GMT+0100 (CET),FACULTAD DE CIENCIAS DE LA SALUD"
"Wed Mar 06 2013 11:50:48 GMT+0100 (CET),FACULTAD DE CIENCIAS DE LA SALUD"
"Wed Mar 06 2013 11:50:48 GMT+0100 (CET),FACULTAD DE CIENCIAS DE LA SALUD"
"Wed Mar 19 2014 10:08:46 GMT+0100 (CET),S.A.G. (SECCIÓN DE TÍTULOS)"
"Wed Mar 19 2014 10:08:46 GMT+0100 (CET),S.A.G. (SECCIÓN DE TÍTULOS)"
"Wed Mar 19 2014 10:08:46 GMT+0100 (CET),S.A.G. (SECCIÓN DE TÍTULOS)"
"Wed Mar 19 2014 10:08:46 GMT+0100 (CET),S.A.G. (SECCIÓN DE TÍTULOS)"
"Wed Mar 20 2013 09:30:39 GMT+0100 (CET),Servicio de Alumnos"
"Wed Mar 20 2013 09:30:39 GMT+0100 (CET),Servicio de Alumnos"
"Wed Mar 20 2013 09:30:39 GMT+0100 (CET),Servicio de Alumnos"
"Wed Mar 20 2013 09:30:39 GMT+0100 (CET),Servicio de Alumnos"
"Wed Mar 20 2013 09:30:39 GMT+0100 (CET),Servicio de Alumnos"
"Wed Mar 20 2013 09:30:39 GMT+0100 (CET),Servicio de Alumnos"
"Wed Mar 20 2013 09:30:39 GMT+0100 (CET),Servicio de Alumnos"
"Wed May 14 2014 10:28:46 GMT+0200 (CEST),Biblioteca Universitaria"
"Wed May 14 2014 10:28:46 GMT+0200 (CEST),Biblioteca Universitaria"
"Wed May 14 2014 10:28:46 GMT+0200 (CEST),Biblioteca Universitaria"
"Wed May 28 2014 09:44:54 GMT+0200 (CEST),Facultad de Derecho"
"Wed May 28 2014 09:44:54 GMT+0200 (CEST),Facultad de Derecho"
"Wed May 28 2014 09:44:54 GMT+0200 (CEST),Facultad de Derecho"
"Wed May 28 2014 09:44:54 GMT+0200 (CEST),Facultad de Derecho"
"Wed May 28 2014 09:44:54 GMT+0200 (CEST),Facultad de Derecho"
"Wed May 28 2014 09:44:54 GMT+0200 (CEST),Facultad de Derecho"
"Wed May 28 2014 09:44:54 GMT+0200 (CEST),Facultad de Derecho"
"Wed May 28 2014 09:44:54 GMT+0200 (CEST),Facultad de Derecho"
"Wed May 28 2014 11:24:32 GMT+0200 (CEST),FACULTAD DE CIENCIAS"
"Wed May 28 2014 11:24:32 GMT+0200 (CEST),FACULTAD DE CIENCIAS"
"Wed May 28 2014 11:24:32 GMT+0200 (CEST),FACULTAD DE CIENCIAS"
"Wed May 28 2014 11:24:32 GMT+0200 (CEST),FACULTAD DE CIENCIAS"
"Wed May 28 2014 11:24:32 GMT+0200 (CEST),FACULTAD DE CIENCIAS"
"Wed May 28 2014 11:24:32 GMT+0200 (CEST),FACULTAD DE CIENCIAS"
"Wed May 28 2014 11:24:32 GMT+0200 (CEST),FACULTAD DE CIENCIAS"
"Wed May 28 2014 11:24:32 GMT+0200 (CEST),FACULTAD DE CIENCIAS"
"Wed May 28 2014 11:24:32 GMT+0200 (CEST),FACULTAD DE CIENCIAS"
"Wed Nov 13 2013 12:44:38 GMT+0100 (CET),ARCHIVO UNIVERSITARIO"
"Wed Nov 20 2013 09:06:03 GMT+0100 (CET),FACULTAD DE MEDICINA"
"Wed Nov 28 2012 09:06:10 GMT+0100 (CET),Instituto Andaluz de Geofísica"
"Wed Nov 28 2012 09:06:10 GMT+0100 (CET),Instituto Andaluz de Geofísica"
"Wed Nov 28 2012 09:06:10 GMT+0100 (CET),Instituto Andaluz de Geofísica"
"Wed Oct 15 2014 09:32:16 GMT+0200 (CEST),Centro de Transferencia Tecnológica"
"Wed Oct 17 2012 14:48:55 GMT+0200 (CEST),Herbario de la Universidad de Granada"
"Wed Oct 17 2012 14:48:55 GMT+0200 (CEST),Herbario de la Universidad de Granada"
"Wed Oct 30 2013 14:07:14 GMT+0100 (CET),FACULTAD DE CIENCIAS POLÍTICAS Y SOCIOLOGÍA"
"Wed Oct 30 2013 14:07:14 GMT+0100 (CET),FACULTAD DE CIENCIAS POLÍTICAS Y SOCIOLOGÍA"
"Wed Oct 30 2013 14:07:14 GMT+0100 (CET),FACULTAD DE CIENCIAS POLÍTICAS Y SOCIOLOGÍA"
"Wed Oct 30 2013 14:07:14 GMT+0100 (CET),FACULTAD DE CIENCIAS POLÍTICAS Y SOCIOLOGÍA"
"Wed Oct 30 2013 14:07:14 GMT+0100 (CET),FACULTAD DE CIENCIAS POLÍTICAS Y SOCIOLOGÍA"
"Wed Oct 30 2013 14:07:14 GMT+0100 (CET),FACULTAD DE CIENCIAS POLÍTICAS Y SOCIOLOGÍA"
"Wed Oct 30 2013 14:07:14 GMT+0100 (CET),FACULTAD DE CIENCIAS POLÍTICAS Y SOCIOLOGÍA"
"Wed Oct 30 2013 14:07:14 GMT+0100 (CET),FACULTAD DE CIENCIAS POLÍTICAS Y SOCIOLOGÍA"
"Wed Oct 30 2013 14:07:14 GMT+0100 (CET),FACULTAD DE CIENCIAS POLÍTICAS Y SOCIOLOGÍA"
"Wed Oct 30 2013 14:07:14 GMT+0100 (CET),FACULTAD DE CIENCIAS POLÍTICAS Y SOCIOLOGÍA"
"Wed Oct 30 2013 14:07:14 GMT+0100 (CET),FACULTAD DE CIENCIAS POLÍTICAS Y SOCIOLOGÍA"
"Wed Oct 30 2013 14:07:14 GMT+0100 (CET),FACULTAD DE CIENCIAS POLÍTICAS Y SOCIOLOGÍA"
"Wed Oct 30 2013 14:07:14 GMT+0100 (CET),FACULTAD DE CIENCIAS POLÍTICAS Y SOCIOLOGÍA"
"Wed Oct 30 2013 14:07:14 GMT+0100 (CET),FACULTAD DE CIENCIAS POLÍTICAS Y SOCIOLOGÍA"
"Wed Oct 30 2013 14:07:14 GMT+0100 (CET),FACULTAD DE CIENCIAS POLÍTICAS Y SOCIOLOGÍA"
"Wed Oct 30 2013 14:07:14 GMT+0100 (CET),FACULTAD DE CIENCIAS POLÍTICAS Y SOCIOLOGÍA"
"Wed Oct 30 2013 14:07:14 GMT+0100 (CET),FACULTAD DE CIENCIAS POLÍTICAS Y SOCIOLOGÍA"
"Wed Oct 30 2013 14:07:14 GMT+0100 (CET),FACULTAD DE CIENCIAS POLÍTICAS Y SOCIOLOGÍA"
"Wed Oct 30 2013 14:07:14 GMT+0100 (CET),FACULTAD DE CIENCIAS POLÍTICAS Y SOCIOLOGÍA"
"Wed Oct 30 2013 14:07:14 GMT+0100 (CET),FACULTAD DE CIENCIAS POLÍTICAS Y SOCIOLOGÍA"
"Wed Oct 30 2013 14:07:14 GMT+0100 (CET),FACULTAD DE CIENCIAS POLÍTICAS Y SOCIOLOGÍA"
"Wed Oct 30 2013 14:07:14 GMT+0100 (CET),FACULTAD DE CIENCIAS POLÍTICAS Y SOCIOLOGÍA"
"Wed Oct 30 2013 14:07:14 GMT+0100 (CET),FACULTAD DE CIENCIAS POLÍTICAS Y SOCIOLOGÍA"
"Wed Oct 30 2013 14:07:14 GMT+0100 (CET),FACULTAD DE CIENCIAS POLÍTICAS Y SOCIOLOGÍA"
"Wed Oct 30 2013 14:07:14 GMT+0100 (CET),FACULTAD DE CIENCIAS POLÍTICAS Y SOCIOLOGÍA"
"Wed Oct 30 2013 14:07:14 GMT+0100 (CET),FACULTAD DE CIENCIAS POLÍTICAS Y SOCIOLOGÍA"
"Wed Oct 30 2013 14:07:14 GMT+0100 (CET),FACULTAD DE CIENCIAS POLÍTICAS Y SOCIOLOGÍA"
"Wed Oct 30 2013 14:07:14 GMT+0100 (CET),FACULTAD DE CIENCIAS POLÍTICAS Y SOCIOLOGÍA"
"Wed Oct 30 2013 14:07:14 GMT+0100 (CET),FACULTAD DE CIENCIAS POLÍTICAS Y SOCIOLOGÍA"
"Wed Oct 30 2013 14:07:14 GMT+0100 (CET),FACULTAD DE CIENCIAS POLÍTICAS Y SOCIOLOGÍA"
"Wed Oct 30 2013 14:07:14 GMT+0100 (CET),FACULTAD DE CIENCIAS POLÍTICAS Y SOCIOLOGÍA"
"Wed Oct 30 2013 14:07:14 GMT+0100 (CET),FACULTAD DE CIENCIAS POLÍTICAS Y SOCIOLOGÍA"
"Wed Oct 30 2013 14:07:14 GMT+0100 (CET),FACULTAD DE CIENCIAS POLÍTICAS Y SOCIOLOGÍA"
"Wed Oct 30 2013 14:07:14 GMT+0100 (CET),FACULTAD DE CIENCIAS POLÍTICAS Y SOCIOLOGÍA"
"Wed Oct 30 2013 14:07:14 GMT+0100 (CET),FACULTAD DE CIENCIAS POLÍTICAS Y SOCIOLOGÍA"
"Wed Oct 30 2013 14:07:14 GMT+0100 (CET),FACULTAD DE CIENCIAS POLÍTICAS Y SOCIOLOGÍA"
"Wed Oct 31 2012 13:05:10 GMT+0100 (CET),PALACIO DE LA MADRAZA"
"Wed Oct 31 2012 14:05:10 GMT+0100 (CET),"
"Wed Oct 31 2012 14:05:10 GMT+0100 (CET),"
"Wed Oct 31 2012 14:05:10 GMT+0100 (CET),"
"Wed Sep 04 2013 10:54:40 GMT+0200 (CEST),FACULTAD DE FILOSOFIA Y LETRAS"
"Wed Sep 04 2013 10:54:40 GMT+0200 (CEST),FACULTAD DE FILOSOFIA Y LETRAS"
"Wed Sep 04 2013 10:54:40 GMT+0200 (CEST),FACULTAD DE FILOSOFIA Y LETRAS"
"Wed Sep 04 2013 10:54:40 GMT+0200 (CEST),FACULTAD DE FILOSOFIA Y LETRAS"
"Wed Sep 04 2013 10:54:40 GMT+0200 (CEST),FACULTAD DE FILOSOFIA Y LETRAS"
"Wed Sep 17 2014 08:49:31 GMT+0200 (CEST),FACULTAD DE COMUNICACIÓN Y DOCUMENTACIÓN"
"Wed Sep 17 2014 08:49:31 GMT+0200 (CEST),FACULTAD DE COMUNICACIÓN Y DOCUMENTACIÓN"
"Wed Sep 17 2014 08:49:31 GMT+0200 (CEST),FACULTAD DE COMUNICACIÓN Y DOCUMENTACIÓN"
"Wed Sep 24 2014 10:45:17 GMT+0200 (CEST),Facultad de Ciencias"
"Mon Oct 06 2014 14:51:30 GMT+0200 (CEST),Facultad de Medicina"
"Mon Oct 06 2014 14:51:30 GMT+0200 (CEST),Facultad de Medicina"
"Fri Oct 24 2014 13:13:35 GMT+0200 (CEST),DELEGACIÓN GENERAL DE ESTUDIANTES"
"Fri Oct 24 2014 13:13:35 GMT+0200 (CEST),DELEGACIÓN GENERAL DE ESTUDIANTES"
"Fri Oct 24 2014 13:13:35 GMT+0200 (CEST),DELEGACIÓN GENERAL DE ESTUDIANTES"
"Fri Oct 24 2014 13:13:35 GMT+0200 (CEST),DELEGACIÓN GENERAL DE ESTUDIANTES"
"Wed Nov 05 2014 08:49:24 GMT+0100 (CET),SECRETARIA GENERAL"
"Wed Nov 05 2014 08:49:24 GMT+0100 (CET),SECRETARIA GENERAL"
"Wed Nov 05 2014 08:49:24 GMT+0100 (CET),SECRETARIA GENERAL"
"Wed Nov 05 2014 09:55:45 GMT+0100 (CET),Servicios Jurídicos"
"Wed Nov 05 2014 09:55:45 GMT+0100 (CET),Servicios Jurídicos"
"Tue Nov 11 2014 10:27:35 GMT+0100 (CET),GABINETE DE RECURSOS HUMANOS Y ORGANIZACIÓN"
"Tue Nov 11 2014 10:27:35 GMT+0100 (CET),GABINETE DE RECURSOS HUMANOS Y ORGANIZACIÓN"
"Mon Nov 10 2014 13:39:42 GMT+0100 (CET),Centro de Transferencia Tecnológica"
"Wed Nov 26 2014 11:12:16 GMT+0100 (CET),CICODE"
"Wed Nov 26 2014 11:12:16 GMT+0100 (CET),CICODE"
"Wed Nov 26 2014 11:12:16 GMT+0100 (CET),CICODE"
"Wed Nov 26 2014 11:12:16 GMT+0100 (CET),CICODE"
"Wed Nov 26 2014 11:12:16 GMT+0100 (CET),CICODE"
"Wed Nov 26 2014 11:12:16 GMT+0100 (CET),CICODE"
"Wed Nov 26 2014 11:12:16 GMT+0100 (CET),CICODE"
"Wed Nov 26 2014 11:12:16 GMT+0100 (CET),CICODE"
"Wed Nov 26 2014 11:19:00 GMT+0100 (CET),CICODE"
"Fri Nov 07 2014 08:14:47 GMT+0100 (CET),Facultad de Ciencias"
"Fri Nov 07 2014 08:14:47 GMT+0100 (CET),Facultad de Ciencias"
"Fri Nov 07 2014 08:14:47 GMT+0100 (CET),Facultad de Ciencias"
"Fri Nov 07 2014 08:14:47 GMT+0100 (CET),Facultad de Ciencias"
"Fri Nov 07 2014 08:14:47 GMT+0100 (CET),Facultad de Ciencias"
"Fri Nov 07 2014 08:14:47 GMT+0100 (CET),Facultad de Ciencias"
"Mon Dec 01 2014 12:21:47 GMT+0100 (CET),VICERRECTORADO PARA LA GARANTIA DE LA CALIDAD"
"Mon Dec 01 2014 12:21:47 GMT+0100 (CET),VICERRECTORADO PARA LA GARANTIA DE LA CALIDAD"
"Mon Dec 01 2014 12:21:47 GMT+0100 (CET),VICERRECTORADO PARA LA GARANTIA DE LA CALIDAD"
"Mon Dec 01 2014 12:21:47 GMT+0100 (CET),VICERRECTORADO PARA LA GARANTIA DE LA CALIDAD"
"Wed Dec 03 2014 13:07:48 GMT+0100 (CET),OFICINA RELACIONES INTERNACIONALES"
"Mon Dec 15 2014 11:36:27 GMT+0100 (CET),GABINETE DEL RECTOR"
"Mon Dec 15 2014 11:36:27 GMT+0100 (CET),GABINETE DEL RECTOR"
"Mon Dec 15 2014 11:36:27 GMT+0100 (CET),GABINETE DEL RECTOR"
"Fri Dec 19 2014 12:02:15 GMT+0100 (CET),Servicio de Asuntos Generales"
"Thu Jan 15 2015 08:27:21 GMT+0100 (CET),Archivo Universitario"
"Thu Jan 15 2015 12:47:36 GMT+0100 (CET),Centro de Documentación Cientifica"
"Fri Jan 16 2015 11:19:46 GMT+0100 (CET),etsi informatica y telecomunicacion"
"Fri Jan 16 2015 11:19:46 GMT+0100 (CET),etsi informatica y telecomunicacion"
"Fri Jan 16 2015 11:19:46 GMT+0100 (CET),etsi informatica y telecomunicacion"
"Fri Jan 16 2015 11:19:46 GMT+0100 (CET),etsi informatica y telecomunicacion"
"Wed Jan 21 2015 09:14:05 GMT+0100 (CET),CENTRO DE ACTIVIDADES DEPORTIVAS"
"Thu Jan 29 2015 13:17:38 GMT+0100 (CET),C.T.T."
"Mon Feb 02 2015 09:59:58 GMT+0100 (CET),FACULTAD DE MEDICINA"
"Mon Feb 02 2015 09:59:58 GMT+0100 (CET),FACULTAD DE MEDICINA"
"Mon Feb 02 2015 09:59:58 GMT+0100 (CET),FACULTAD DE MEDICINA"
"Mon Feb 02 2015 09:59:58 GMT+0100 (CET),FACULTAD DE MEDICINA"
"Mon Feb 02 2015 09:59:58 GMT+0100 (CET),FACULTAD DE MEDICINA"
"Mon Feb 02 2015 09:59:58 GMT+0100 (CET),FACULTAD DE MEDICINA"
"Tue Feb 03 2015 10:57:42 GMT+0100 (CET),UNIDAD TÉCNICA"
"Tue Feb 03 2015 10:57:42 GMT+0100 (CET),UNIDAD TÉCNICA"
"Wed Feb 11 2015 09:37:23 GMT+0100 (CET),FFCCEducacion"
"Wed Feb 11 2015 10:18:13 GMT+0100 (CET),FFCCEducacion"
"Wed Feb 11 2015 10:18:13 GMT+0100 (CET),FFCCEducacion"
"Wed Feb 11 2015 10:18:13 GMT+0100 (CET),FFCCEducacion"
"Wed Feb 11 2015 10:18:13 GMT+0100 (CET),FFCCEducacion"
"Wed Feb 11 2015 10:18:13 GMT+0100 (CET),FFCCEducacion"
"Wed Feb 11 2015 10:18:13 GMT+0100 (CET),FFCCEducacion"
"Wed Feb 11 2015 10:18:13 GMT+0100 (CET),FFCCEducacion"
"Wed Feb 11 2015 10:18:13 GMT+0100 (CET),FFCCEducacion"
"Wed Feb 11 2015 10:18:13 GMT+0100 (CET),FFCCEducacion"
"Wed Feb 11 2015 10:18:13 GMT+0100 (CET),FFCCEducacion"
"Wed Feb 11 2015 10:18:13 GMT+0100 (CET),FFCCEducacion"
"Wed Feb 11 2015 10:18:13 GMT+0100 (CET),FFCCEducacion"
"Wed Feb 11 2015 10:18:13 GMT+0100 (CET),FFCCEducacion"
"Wed Feb 11 2015 10:18:13 GMT+0100 (CET),FFCCEducacion"
"Wed Feb 11 2015 10:18:13 GMT+0100 (CET),FFCCEducacion"
"Wed Feb 11 2015 10:18:13 GMT+0100 (CET),FFCCEducacion"
"Wed Feb 11 2015 10:18:13 GMT+0100 (CET),FFCCEducacion"
"Wed Feb 11 2015 10:18:13 GMT+0100 (CET),FFCCEducacion"
"Wed Feb 11 2015 10:18:13 GMT+0100 (CET),FFCCEducacion"
"Wed Feb 11 2015 10:18:13 GMT+0100 (CET),FFCCEducacion"
"Wed Feb 11 2015 10:18:13 GMT+0100 (CET),FFCCEducacion"
"Wed Feb 11 2015 10:18:13 GMT+0100 (CET),FFCCEducacion"
"Wed Feb 11 2015 10:18:13 GMT+0100 (CET),FFCCEducacion"
"Wed Feb 11 2015 10:18:13 GMT+0100 (CET),FFCCEducacion"
"Wed Feb 11 2015 10:18:13 GMT+0100 (CET),FFCCEducacion"
"Wed Feb 11 2015 10:18:13 GMT+0100 (CET),FFCCEducacion"
"Wed Feb 11 2015 10:18:13 GMT+0100 (CET),FFCCEducacion"
"Wed Feb 11 2015 10:18:13 GMT+0100 (CET),FFCCEducacion"
"Wed Feb 11 2015 10:18:13 GMT+0100 (CET),FFCCEducacion"
"Wed Feb 11 2015 10:18:13 GMT+0100 (CET),FFCCEducacion"
"Wed Feb 11 2015 10:18:13 GMT+0100 (CET),FFCCEducacion"
"Wed Feb 11 2015 10:18:25 GMT+0100 (CET),FFCCEducacion"
"Wed Feb 11 2015 10:18:25 GMT+0100 (CET),FFCCEducacion"
"Wed Feb 11 2015 10:18:25 GMT+0100 (CET),FFCCEducacion"
"Wed Feb 11 2015 10:18:25 GMT+0100 (CET),FFCCEducacion"
"Wed Feb 11 2015 10:18:25 GMT+0100 (CET),FFCCEducacion"
"Wed Feb 11 2015 10:18:25 GMT+0100 (CET),FFCCEducacion"
"Wed Feb 11 2015 10:18:25 GMT+0100 (CET),FFCCEducacion"
"Wed Feb 11 2015 10:18:25 GMT+0100 (CET),FFCCEducacion"
"Wed Feb 11 2015 10:18:25 GMT+0100 (CET),FFCCEducacion"
"Wed Feb 11 2015 10:18:25 GMT+0100 (CET),FFCCEducacion"
"Wed Feb 11 2015 10:18:25 GMT+0100 (CET),FFCCEducacion"
"Wed Feb 11 2015 10:18:25 GMT+0100 (CET),FFCCEducacion"
"Wed Feb 11 2015 10:18:25 GMT+0100 (CET),FFCCEducacion"
"Wed Feb 11 2015 10:18:25 GMT+0100 (CET),FFCCEducacion"
"Wed Feb 11 2015 10:18:25 GMT+0100 (CET),FFCCEducacion"
"Wed Feb 11 2015 10:18:25 GMT+0100 (CET),FFCCEducacion"
"Wed Feb 11 2015 10:18:25 GMT+0100 (CET),FFCCEducacion"
"Wed Feb 11 2015 10:18:25 GMT+0100 (CET),FFCCEducacion"
"Wed Feb 11 2015 10:18:25 GMT+0100 (CET),FFCCEducacion"
"Wed Feb 11 2015 10:18:25 GMT+0100 (CET),FFCCEducacion"
"Wed Feb 11 2015 10:18:25 GMT+0100 (CET),FFCCEducacion"
"Wed Feb 11 2015 10:18:25 GMT+0100 (CET),FFCCEducacion"
"Wed Feb 11 2015 10:18:25 GMT+0100 (CET),FFCCEducacion"
"Wed Feb 11 2015 10:18:25 GMT+0100 (CET),FFCCEducacion"
"Wed Feb 11 2015 10:18:25 GMT+0100 (CET),FFCCEducacion"
"Wed Feb 11 2015 10:18:25 GMT+0100 (CET),FFCCEducacion"
"Wed Feb 11 2015 10:18:25 GMT+0100 (CET),FFCCEducacion"
"Wed Feb 11 2015 10:18:25 GMT+0100 (CET),FFCCEducacion"
"Wed Feb 11 2015 10:18:25 GMT+0100 (CET),FFCCEducacion"
"Wed Feb 11 2015 10:18:25 GMT+0100 (CET),FFCCEducacion"
"Wed Feb 11 2015 10:18:25 GMT+0100 (CET),FFCCEducacion"
"Fri Feb 20 2015 12:17:46 GMT+0100 (CET),FACULTAD DE CIENCIAS"
"Fri Feb 20 2015 12:17:50 GMT+0100 (CET),FACULTAD DE CIENCIAS"
"Sat Feb 07 2015 12:55:55 GMT+0100 (CET),Facultad de ciencias "
"Fri Feb 13 2015 08:53:24 GMT+0100 (CET),ciencias"
"Fri Feb 13 2015 08:53:24 GMT+0100 (CET),ciencias"
"Fri Feb 13 2015 08:53:24 GMT+0100 (CET),ciencias"
"Fri Mar 13 2015 16:51:56 GMT+0100 (CET),CAPI La Chana"
"Fri Mar 13 2015 16:51:56 GMT+0100 (CET),CAPI La Chana"
"Fri Mar 13 2015 16:51:56 GMT+0100 (CET),CAPI La Chana"
"Fri Mar 13 2015 16:51:56 GMT+0100 (CET),CAPI La Chana"
"Fri Mar 13 2015 16:51:56 GMT+0100 (CET),CAPI La Chana"
"Fri Feb 20 2015 11:30:19 GMT+0100 (CET),oficina relac. internacionales"
"Fri Feb 20 2015 11:30:19 GMT+0100 (CET),oficina relac. internacionales"
"Thu Feb 19 2015 14:23:47 GMT+0100 (CET),ETSIIT"
"Thu Feb 19 2015 14:23:47 GMT+0100 (CET),ETSIIT"
"Thu Feb 19 2015 14:23:47 GMT+0100 (CET),ETSIIT"
"Thu Feb 19 2015 14:23:47 GMT+0100 (CET),ETSIIT"
"Thu Feb 19 2015 14:23:47 GMT+0100 (CET),ETSIIT"
"Thu Feb 19 2015 14:23:47 GMT+0100 (CET),ETSIIT"
"Fri Feb 27 2015 09:44:27 GMT+0100 (CET),servicios centrales (santa Lucia)"
"Fri Feb 27 2015 09:44:27 GMT+0100 (CET),servicios centrales (santa Lucia)"
"Fri Mar 06 2015 09:29:27 GMT+0100 (CET),SERVICIOS CENTRALES, (SANTA LUCIA)"
"Wed Mar 11 2015 09:57:26 GMT+0100 (CET),Oficina de Relaciones Internacionales (CICODE)"
"Wed Mar 11 2015 12:21:22 GMT+0100 (CET),SERVICIO DE ASUNTOS GENERALES"
"Wed Mar 11 2015 12:21:22 GMT+0100 (CET),SERVICIO DE ASUNTOS GENERALES"
"Wed Mar 11 2015 20:44:07 GMT+0100 (CET),CSIRC"
"Thu Mar 26 2015 12:02:50 GMT+0100 (CET),E.T.S.I.INFORMATICA Y TELECOMUNICACION"
"Thu Mar 26 2015 12:58:02 GMT+0100 (CET),Instituto de Neurociencias Federico Olóriz"
"Thu Mar 26 2015 12:58:02 GMT+0100 (CET),Instituto de Neurociencias Federico Olóriz"
"Tue Apr 14 2015 11:37:43 GMT+0200 (CEST),VICERRECTORADO PARA LA GARANTIA DE LA CALIDAD"
"Thu Apr 16 2015 12:56:16 GMT+0200 (CEST),EDIFICIO SANTA LUCIA"
"Thu Apr 16 2015 12:56:16 GMT+0200 (CEST),EDIFICIO SANTA LUCIA"
"Thu Apr 16 2015 12:56:16 GMT+0200 (CEST),EDIFICIO SANTA LUCIA"
"Thu Apr 16 2015 09:34:57 GMT+0200 (CEST),Edificio Santa Lucia"
"Thu Apr 16 2015 09:34:57 GMT+0200 (CEST),Edificio Santa Lucia"
"Thu Apr 16 2015 09:35:00 GMT+0200 (CEST),Edificio Santa Lucia"
"Mon Apr 13 2015 09:21:18 GMT+0200 (CEST),Edificio Santa Lucia"
"Mon Apr 13 2015 09:21:18 GMT+0200 (CEST),Edificio Santa Lucia"
"Mon Apr 13 2015 09:21:18 GMT+0200 (CEST),Edificio Santa Lucia"
"Wed Apr 15 2015 11:27:52 GMT+0200 (CEST),Gabinete de Comunicación"
"Wed Apr 15 2015 11:27:52 GMT+0200 (CEST),Gabinete de Comunicación"
"Wed Apr 15 2015 11:27:52 GMT+0200 (CEST),Gabinete de Comunicación"
"Wed Apr 15 2015 11:27:52 GMT+0200 (CEST),Gabinete de Comunicación"
"Wed Apr 15 2015 11:27:52 GMT+0200 (CEST),Gabinete de Comunicación"
"Wed Apr 15 2015 11:27:52 GMT+0200 (CEST),Gabinete de Comunicación"
"Wed Apr 15 2015 11:27:52 GMT+0200 (CEST),Gabinete de Comunicación"
"Wed Apr 15 2015 11:27:52 GMT+0200 (CEST),Gabinete de Comunicación"
"Wed Apr 15 2015 11:27:52 GMT+0200 (CEST),Gabinete de Comunicación"
"Fri Mar 27 2015 13:48:39 GMT+0100 (CET),SERVICIOS CENTRALES"
"Mon Apr 06 2015 14:07:07 GMT+0200 (CEST),Biblioteca Universitaria"
"Mon Apr 06 2015 14:07:07 GMT+0200 (CEST),Biblioteca Universitaria"
"Mon Apr 13 2015 12:51:12 GMT+0200 (CEST),Instituto de Neurociencias \"Federico Olóriz\""
"Tue Apr 14 2015 14:10:58 GMT+0200 (CEST),HOSPITAL REAL"
"Tue Apr 14 2015 14:10:58 GMT+0200 (CEST),HOSPITAL REAL"
"Tue Apr 14 2015 14:10:58 GMT+0200 (CEST),HOSPITAL REAL"
"Tue Apr 14 2015 14:10:58 GMT+0200 (CEST),HOSPITAL REAL"
"Thu Apr 16 2015 12:59:39 GMT+0200 (CEST),GABINETE DE RECURSOS HUMANOS Y ORGANIZACIÓN"
"Thu Apr 23 2015 13:44:38 GMT+0200 (CEST),E.T.S.I: informatica y Telecomunicacion"
"Sun Apr 26 2015 13:54:05 GMT+0200 (CEST),F.PSICOLOGIA"
"Sun Apr 26 2015 13:54:05 GMT+0200 (CEST),F.PSICOLOGIA"
"Sun Apr 26 2015 13:54:05 GMT+0200 (CEST),F.PSICOLOGIA"
"Thu Apr 16 2015 11:52:32 GMT+0200 (CEST),EDIFICIO SANTA LUCIA. UGR"
"Thu Apr 16 2015 11:52:32 GMT+0200 (CEST),EDIFICIO SANTA LUCIA. UGR"
"Thu Apr 16 2015 11:52:32 GMT+0200 (CEST),EDIFICIO SANTA LUCIA. UGR"
"Mon May 04 2015 12:56:58 GMT+0200 (CEST),Centro de Transferencia Tecnológica."
"Mon May 04 2015 12:56:58 GMT+0200 (CEST),Centro de Transferencia Tecnológica."
"Thu Apr 23 2015 12:58:08 GMT+0200 (CEST),Centro de Instrumentación Científica"
"Thu Apr 23 2015 12:58:08 GMT+0200 (CEST),Centro de Instrumentación Científica"
"Thu Apr 23 2015 12:58:08 GMT+0200 (CEST),Centro de Instrumentación Científica"
"Fri Apr 10 2015 10:59:52 GMT+0200 (CEST),Biblioteca Universitaria"
"Mon May 04 2015 10:20:35 GMT+0200 (CEST),Biblioteca Universitaria"
"Tue May 05 2015 14:08:13 GMT+0200 (CEST),Biblioteca Universitaria"
"Tue May 05 2015 14:08:13 GMT+0200 (CEST),Biblioteca Universitaria"
"Tue May 05 2015 14:08:13 GMT+0200 (CEST),Biblioteca Universitaria"
"Tue May 05 2015 14:38:40 GMT+0200 (CEST),Biblioteca Universitaria"
"Tue May 05 2015 14:38:43 GMT+0200 (CEST),Biblioteca Universitaria"
"Wed May 06 2015 08:13:40 GMT+0200 (CEST),DELEGACIÓN DE CALIDAD AMBIENTAL Y BIENESTAR"
"Wed May 06 2015 08:13:40 GMT+0200 (CEST),DELEGACIÓN DE CALIDAD AMBIENTAL Y BIENESTAR"
"Wed May 06 2015 08:13:40 GMT+0200 (CEST),DELEGACIÓN DE CALIDAD AMBIENTAL Y BIENESTAR"
"Wed May 06 2015 08:13:40 GMT+0200 (CEST),DELEGACIÓN DE CALIDAD AMBIENTAL Y BIENESTAR"
"Wed May 06 2015 13:39:39 GMT+0200 (CEST),JUNTA DE PAS FUNCIONARIO"
"Wed Apr 08 2015 10:31:45 GMT+0200 (CEST),CSIRC"
"Thu May 14 2015 11:01:24 GMT+0200 (CEST),Centro de Transferencia Tecnológica"
"Thu May 14 2015 11:01:24 GMT+0200 (CEST),Centro de Transferencia Tecnológica"
"Thu May 14 2015 11:01:24 GMT+0200 (CEST),Centro de Transferencia Tecnológica"
"Fri May 22 2015 13:07:29 GMT+0200 (CEST),ETSIIT"
"Mon May 25 2015 13:52:06 GMT+0200 (CEST),Servicio de Prevención de Riesgos Laborales"
"Mon May 25 2015 13:52:06 GMT+0200 (CEST),Servicio de Prevención de Riesgos Laborales"
"Mon May 25 2015 13:52:06 GMT+0200 (CEST),Servicio de Prevención de Riesgos Laborales"
"Mon May 25 2015 13:52:06 GMT+0200 (CEST),Servicio de Prevención de Riesgos Laborales"
"Mon May 25 2015 13:52:06 GMT+0200 (CEST),Servicio de Prevención de Riesgos Laborales"
"Mon May 25 2015 13:52:06 GMT+0200 (CEST),Servicio de Prevención de Riesgos Laborales"
"Mon May 25 2015 13:52:06 GMT+0200 (CEST),Servicio de Prevención de Riesgos Laborales"
"Mon May 25 2015 13:52:06 GMT+0200 (CEST),Servicio de Prevención de Riesgos Laborales"
"Mon May 25 2015 13:52:06 GMT+0200 (CEST),Servicio de Prevención de Riesgos Laborales"
"Mon May 25 2015 13:52:06 GMT+0200 (CEST),Servicio de Prevención de Riesgos Laborales"
"Mon May 25 2015 13:52:06 GMT+0200 (CEST),Servicio de Prevención de Riesgos Laborales"
"Mon May 25 2015 13:52:06 GMT+0200 (CEST),Servicio de Prevención de Riesgos Laborales"
"Mon May 25 2015 14:58:52 GMT+0200 (CEST),Servicio de Prevención de Riesgos Laborales"
"Mon May 25 2015 14:58:52 GMT+0200 (CEST),Servicio de Prevención de Riesgos Laborales"
"Mon May 25 2015 14:58:52 GMT+0200 (CEST),Servicio de Prevención de Riesgos Laborales"
"Mon May 25 2015 14:58:52 GMT+0200 (CEST),Servicio de Prevención de Riesgos Laborales"
"Mon May 25 2015 14:58:52 GMT+0200 (CEST),Servicio de Prevención de Riesgos Laborales"
"Mon May 25 2015 14:58:52 GMT+0200 (CEST),Servicio de Prevención de Riesgos Laborales"
"Mon May 25 2015 14:58:52 GMT+0200 (CEST),Servicio de Prevención de Riesgos Laborales"
"Mon May 25 2015 14:58:52 GMT+0200 (CEST),Servicio de Prevención de Riesgos Laborales"
"Mon May 25 2015 14:58:52 GMT+0200 (CEST),Servicio de Prevención de Riesgos Laborales"
"Mon May 25 2015 14:58:52 GMT+0200 (CEST),Servicio de Prevención de Riesgos Laborales"
"Mon May 25 2015 14:58:52 GMT+0200 (CEST),Servicio de Prevención de Riesgos Laborales"
"Mon May 25 2015 14:58:52 GMT+0200 (CEST),Servicio de Prevención de Riesgos Laborales"
"Mon May 25 2015 14:58:52 GMT+0200 (CEST),Servicio de Prevención de Riesgos Laborales"
"Mon May 25 2015 14:58:52 GMT+0200 (CEST),Servicio de Prevención de Riesgos Laborales"
"Mon May 25 2015 14:58:52 GMT+0200 (CEST),Servicio de Prevención de Riesgos Laborales"
"Wed May 27 2015 14:37:31 GMT+0200 (CEST),Servicio de Prevención de Riesgos Laborales"
"Wed May 27 2015 14:37:31 GMT+0200 (CEST),Servicio de Prevención de Riesgos Laborales"
"Fri May 29 2015 09:35:22 GMT+0200 (CEST),Biblioteca Institutos y Recursos Especializados"
"Wed Jun 03 2015 10:22:10 GMT+0200 (CEST),Oficina Relac. Internacionales-CICODE"
"Mon Jun 08 2015 09:48:02 GMT+0200 (CEST),Facultad de Ciencias"
"Mon Jun 08 2015 09:48:02 GMT+0200 (CEST),Facultad de Ciencias"
"Mon Jun 08 2015 09:48:02 GMT+0200 (CEST),Facultad de Ciencias"
"Mon Jun 08 2015 09:48:02 GMT+0200 (CEST),Facultad de Ciencias"
"Mon Jun 08 2015 09:48:02 GMT+0200 (CEST),Facultad de Ciencias"
"Mon Jun 08 2015 09:48:02 GMT+0200 (CEST),Facultad de Ciencias"
"Fri Jul 03 2015 12:37:50 GMT+0200 (CEST),E.T.S.I INFORMATICA Y TELECOMUNICACION"
"Fri Jul 03 2015 12:37:50 GMT+0200 (CEST),E.T.S.I INFORMATICA Y TELECOMUNICACION"
"Mon Jul 06 2015 11:04:26 GMT+0200 (CEST),BIBLIOTECA MEDICINA"
"Mon Jul 06 2015 11:04:26 GMT+0200 (CEST),BIBLIOTECA MEDICINA"
"Fri Jul 10 2015 09:28:10 GMT+0200 (CEST),Vicerrectorado de Extensión Universitaria"
"Thu Jul 16 2015 10:09:31 GMT+0200 (CEST),Facultad de Ciencias"
"Thu Jul 16 2015 10:09:31 GMT+0200 (CEST),Facultad de Ciencias"
"Thu Jul 16 2015 10:09:31 GMT+0200 (CEST),Facultad de Ciencias"
"Thu Jul 16 2015 10:09:31 GMT+0200 (CEST),Facultad de Ciencias"
"Thu Jul 16 2015 10:09:31 GMT+0200 (CEST),Facultad de Ciencias"
"Thu Jul 16 2015 10:09:31 GMT+0200 (CEST),Facultad de Ciencias"
"Wed Jul 22 2015 10:23:24 GMT+0200 (CEST),Biblioteca del Hospital Real"
"Fri Jul 17 2015 10:58:23 GMT+0200 (CEST),Secretariado de Extensión Universitaria"
"Fri Jul 17 2015 10:58:23 GMT+0200 (CEST),Secretariado de Extensión Universitaria"
"Tue Jul 14 2015 12:03:29 GMT+0200 (CEST),FACULTAD DE CIENCIAS"
"Tue Jul 14 2015 12:03:29 GMT+0200 (CEST),FACULTAD DE CIENCIAS"
"Tue Jul 14 2015 12:03:29 GMT+0200 (CEST),FACULTAD DE CIENCIAS"
"Tue Jul 14 2015 12:03:29 GMT+0200 (CEST),FACULTAD DE CIENCIAS"
"Tue Jul 14 2015 12:03:29 GMT+0200 (CEST),FACULTAD DE CIENCIAS"
"Tue Jul 14 2015 12:03:29 GMT+0200 (CEST),FACULTAD DE CIENCIAS"
"Mon Sep 14 2015 17:10:34 GMT+0200 (CEST),ETSIIT"
"Mon Sep 14 2015 17:10:34 GMT+0200 (CEST),ETSIIT"
"Wed Sep 16 2015 13:14:58 GMT+0200 (CEST),HOSPITAL REAL"
"Wed Sep 16 2015 13:17:06 GMT+0200 (CEST),HOSPITAL REAL"
"Tue Oct 06 2015 10:14:42 GMT+0200 (CEST),Facultad de Ciencias"
"Tue Oct 06 2015 10:14:42 GMT+0200 (CEST),Facultad de Ciencias"
"Tue Oct 06 2015 10:14:42 GMT+0200 (CEST),Facultad de Ciencias"
"Thu Oct 08 2015 14:27:45 GMT+0200 (CEST),Oficina de Gestión de la Comunicación"
"Thu Oct 08 2015 14:27:45 GMT+0200 (CEST),Oficina de Gestión de la Comunicación"
"Thu Oct 08 2015 14:27:45 GMT+0200 (CEST),Oficina de Gestión de la Comunicación"
"Thu Oct 08 2015 14:27:45 GMT+0200 (CEST),Oficina de Gestión de la Comunicación"
"Thu Oct 08 2015 14:27:45 GMT+0200 (CEST),Oficina de Gestión de la Comunicación"
"Thu Oct 08 2015 14:27:45 GMT+0200 (CEST),Oficina de Gestión de la Comunicación"
"Thu Oct 08 2015 14:27:45 GMT+0200 (CEST),Oficina de Gestión de la Comunicación"
"Wed Nov 04 2015 11:19:42 GMT+0100 (CET),Facultad de Ciencias"
"Wed Nov 04 2015 11:19:42 GMT+0100 (CET),Facultad de Ciencias"
"Wed Nov 04 2015 11:19:42 GMT+0100 (CET),Facultad de Ciencias"
"Wed Nov 04 2015 11:19:42 GMT+0100 (CET),Facultad de Ciencias"
"Wed Nov 04 2015 11:19:42 GMT+0100 (CET),Facultad de Ciencias"
"Wed Oct 21 2015 10:30:38 GMT+0200 (CEST),FACULTAD DE CIENCIAS"
"Wed Oct 21 2015 10:30:38 GMT+0200 (CEST),FACULTAD DE CIENCIAS"
"Wed Oct 21 2015 10:30:38 GMT+0200 (CEST),FACULTAD DE CIENCIAS"
"Wed Oct 21 2015 10:30:38 GMT+0200 (CEST),FACULTAD DE CIENCIAS"
"Fri Oct 30 2015 08:52:08 GMT+0100 (CET),CSIRC"
"Tue Oct 13 2015 11:53:44 GMT+0200 (CEST),"
"Tue Oct 13 2015 11:53:44 GMT+0200 (CEST),"
"Tue Oct 13 2015 11:53:44 GMT+0200 (CEST),"
"Tue Oct 13 2015 11:53:44 GMT+0200 (CEST),"
"Tue Oct 13 2015 11:53:44 GMT+0200 (CEST),"
"Tue Oct 13 2015 11:53:44 GMT+0200 (CEST),"
"Tue Oct 13 2015 11:53:44 GMT+0200 (CEST),"
"Tue Oct 13 2015 11:53:44 GMT+0200 (CEST),"
"Tue Oct 13 2015 11:59:52 GMT+0200 (CEST),"
"Tue Nov 10 2015 12:02:16 GMT+0100 (CET),Facultad de Ciencias de la Educacion"
"Tue Nov 10 2015 12:02:16 GMT+0100 (CET),Facultad de Ciencias de la Educacion"
"Tue Nov 10 2015 12:02:16 GMT+0100 (CET),Facultad de Ciencias de la Educacion"
"Tue Nov 10 2015 12:02:16 GMT+0100 (CET),Facultad de Ciencias de la Educacion"
"Tue Nov 10 2015 12:02:16 GMT+0100 (CET),Facultad de Ciencias de la Educacion"
"Tue Nov 10 2015 12:02:16 GMT+0100 (CET),Facultad de Ciencias de la Educacion"
"Tue Nov 10 2015 12:02:16 GMT+0100 (CET),Facultad de Ciencias de la Educacion"
"Tue Nov 10 2015 12:02:16 GMT+0100 (CET),Facultad de Ciencias de la Educacion"
"Tue Nov 10 2015 12:02:16 GMT+0100 (CET),Facultad de Ciencias de la Educacion"
"Tue Nov 10 2015 12:02:16 GMT+0100 (CET),Facultad de Ciencias de la Educacion"
"Tue Nov 10 2015 12:02:16 GMT+0100 (CET),Facultad de Ciencias de la Educacion"
"Tue Nov 10 2015 12:02:16 GMT+0100 (CET),Facultad de Ciencias de la Educacion"
"Tue Nov 10 2015 13:27:44 GMT+0100 (CET),Facultad de Ciencias de la Educacion"
"Tue Nov 10 2015 13:27:44 GMT+0100 (CET),Facultad de Ciencias de la Educacion"
"Tue Nov 10 2015 13:27:44 GMT+0100 (CET),Facultad de Ciencias de la Educacion"
"Tue Nov 10 2015 13:27:44 GMT+0100 (CET),Facultad de Ciencias de la Educacion"
"Tue Nov 10 2015 13:27:44 GMT+0100 (CET),Facultad de Ciencias de la Educacion"
"Tue Nov 10 2015 13:27:44 GMT+0100 (CET),Facultad de Ciencias de la Educacion"
"Tue Nov 10 2015 13:27:44 GMT+0100 (CET),Facultad de Ciencias de la Educacion"
"Tue Nov 10 2015 13:27:44 GMT+0100 (CET),Facultad de Ciencias de la Educacion"
"Tue Nov 10 2015 13:27:44 GMT+0100 (CET),Facultad de Ciencias de la Educacion"
"Mon Nov 16 2015 10:38:54 GMT+0100 (CET),CENTRO DE TRANSFERENCIA TECNOLÓGICA"
"Mon Nov 16 2015 10:38:54 GMT+0100 (CET),CENTRO DE TRANSFERENCIA TECNOLÓGICA"
"Mon Nov 16 2015 10:38:54 GMT+0100 (CET),CENTRO DE TRANSFERENCIA TECNOLÓGICA"
"Mon Nov 16 2015 10:38:54 GMT+0100 (CET),CENTRO DE TRANSFERENCIA TECNOLÓGICA"
